MSGTIME,LONGTD,LATTD,FL,SPDX,SPDY,SPDZ
20240906103946172,104.714371,31.596395,1226,5,49,0
20240906103947048,104.714424,31.596025,1226,5,49,0
20240906103949143,104.714569,31.595076,1226,5,49,0
20240906103950330,104.714622,31.594522,1226,5,49,0
20240906103950767,104.714645,31.594303,1226,5,49,0
20240906103953611,104.714813,31.59309,1226,4,49,0
20240906103955486,104.714897,31.592237,1234,4,48,1
20240906103956361,104.714951,31.591915,1234,4,48,1
20240906103956787,104.714973,31.591696,1234,4,47,2
20240906103957381,104.714973,31.591417,1242,4,47,2
20240906103957880,104.715004,31.591228,1234,4,47,2
20240906103958349,104.715004,31.591047,1234,4,47,1
20240906103958913,104.715057,31.590773,1242,4,47,1
20240906103959351,104.715088,31.59058,1242,4,47,0
20240906104001005,104.715141,31.589884,1234,4,47,0
20240906104001474,104.715164,31.589674,1234,4,47,0
20240906104001879,104.715218,31.589491,1234,4,47,0
20240906104002383,104.715195,31.589277,1234,4,47,0
20240906104003475,104.715271,31.588804,1234,4,47,0
20240906104005079,104.715378,31.588118,1234,4,47,0
20240906104006766,104.715431,31.587431,1234,4,48,0
20240906104007204,104.715469,31.587179,1234,4,48,0
20240906104008110,104.715485,31.586788,1234,4,48,0
20240906104008578,104.71553,31.586573,1234,4,48,0
20240906104009111,104.715538,31.58638,1234,4,48,0
20240906104009546,104.715538,31.586193,1234,4,48,0
20240906104010047,104.715584,31.585972,1234,4,48,0
20240906104010550,104.715591,31.585735,1234,3,48,0
20240906104012986,104.715691,31.584621,1226,3,49,1
20240906104013485,104.715698,31.584412,1226,4,49,0
20240906104016424,104.715851,31.58313,1226,4,49,0
20240906104016984,104.715851,31.58285,1226,4,49,0
20240906104017517,104.715912,31.582624,1226,4,49,0
20240906104018109,104.715912,31.582352,1226,4,49,0
20240906104018641,104.715965,31.582153,1226,4,48,0
20240906104020797,104.716019,31.581177,1234,4,47,1
20240906104021328,104.716072,31.580978,1234,4,47,1
20240906104021860,104.716072,31.5807,1234,4,47,1
20240906104020797,104.716019,31.581177,1234,4,47,1
20240906104021328,104.716072,31.580978,1234,4,47,1
20240906104021860,104.716072,31.5807,1234,4,47,1
20240906104022799,104.716125,31.580339,1234,4,47,1
20240906104023235,104.716125,31.580153,1234,4,47,1
20240906104023641,104.716125,31.580013,1234,4,47,0
20240906104024314,104.716177,31.579676,11109,227,47,0
20240906104024568,104.716187,31.579546,1234,3,47,0
20240906104025160,104.71624,31.579315,1234,3,47,0
20240906104025691,104.71624,31.5791,1234,3,47,0
20240906104027754,104.716293,31.578232,1234,3,47,0
20240906104028318,104.716347,31.578001,1234,3,47,0
20240906104028786,104.716347,31.577776,1234,3,47,0
20240906104029223,104.716347,31.577593,1234,3,47,0
20240906104029756,104.7164,31.577356,1242,3,47,0
20240906104030223,104.7164,31.577169,1242,3,47,0
20240906104030660,104.716454,31.57695,1234,3,47,0
20240906104031817,104.716461,31.576471,1234,3,47,0
20240906104033160,104.716515,31.575867,1234,3,47,0
20240906104035129,104.716614,31.575071,1242,3,47,0
20240906104035630,104.716621,31.574846,1242,3,47,0
20240906104037066,104.716667,31.574203,1242,3,47,0
20240906104040793,104.716721,31.57379,1242,3,47,0
20240906104042914,104.716909,31.571719,464,104,47,3
20240906104042914,104.716909,31.571719,464,104,47,3
20240906104043640,104.71701,31.571445,1242,5,46,0
20240906104044173,104.71701,31.571215,1242,5,46,0
20240906104044734,104.717041,31.570995,1242,5,46,0
20240906104045172,104.717102,31.570812,1242,5,46,0
20240906104045701,104.717102,31.570587,1242,5,46,0
20240906104048172,104.717224,31.569536,1242,5,46,0
20240906104048641,104.717278,31.569353,1242,5,46,0
20240906104048172,104.717224,31.569536,1242,5,46,0
20240906104048641,104.717278,31.569353,1242,5,46,0
20240906104051309,104.717278,31.569353,1242,5,7,0
20240906104050314,104.717365,31.568634,11109,225,46,0
20240906104053920,104.717278,31.569353,1242,5,7,0
20240906104055459,104.717679,31.566463,1239,65,46,0
20240906104055459,104.717679,31.566463,1239,65,46,0
20240906104055922,104.717278,31.569353,1242,5,7,0
20240906104057459,104.717801,31.565619,1238,5,46,0
20240906104057459,104.717801,31.565619,1238,5,46,0
20240906104057927,104.717278,31.569353,1242,5,7,0
20240906104059932,104.610825,32.280117,10447,11,78,4
20240906104100128,104.718018,31.564449,1234,6,46,0
20240906104100629,104.718056,31.56423,1234,6,46,0
20240906104107459,104.718475,31.561344,11109,224,46,0
20240906104110202,104.718544,31.560041,1226,4,48,0
20240906104121054,104.718872,31.556458,1234,4,47,0
20240906104122190,104.719093,31.554874,1234,4,47,0
20240906104123284,104.719147,31.55438,1234,4,47,0
20240906104128597,104.719368,31.55208,1226,4,47,0
20240906104130034,104.719482,31.551474,1226,4,47,0
20240906104132680,104.719482,31.551474,1226,4,0,0
20240906104132910,104.719627,31.550261,1226,5,47,0
20240906104133502,104.719627,31.549988,1226,5,47,0
20240906104134001,104.719704,31.549751,1226,5,47,0
20240906104136704,104.719849,31.548615,1234,5,46,0
20240906104139140,104.720009,31.547649,1234,5,45,2
20240906104140015,104.720024,31.547283,1242,5,45,2
20240906104140517,104.720062,31.547102,1242,6,43,2
20240906104141078,104.720116,31.546871,1242,6,43,2
20240906104143888,104.720337,31.545771,1242,6,43,0
20240906104145891,104.720497,31.54495,1234,7,44,0
20240906104148617,104.720497,31.54495,1234,7,44,0
20240906104150520,104.720497,31.54495,1234,7,44,0
20240906104152522,104.720497,31.54495,1234,7,44,0
20240906104152534,104.721031,31.542248,1234,8,44,0
20240906104153033,104.721077,31.542027,1234,8,44,0
20240906104155724,104.721077,31.542027,1234,8,0,0
20240906104159460,104.721629,31.539417,1229,8,44,0
20240906104159460,104.721629,31.539417,1229,8,44,0
20240906104159658,104.721512,31.539227,1234,6,46,0
20240906104201033,104.721619,31.538673,1226,6,46,0
20240906104202033,104.72168,31.538208,1226,6,47,0
20240906104203845,104.721733,31.537415,1226,5,47,0
20240906104202859,104.721775,31.537901,11102,224,47,0
20240906104204921,104.721786,31.536942,1226,3,48,0
20240906104206545,104.72184,31.536255,1226,3,48,0
20240906104207419,104.72184,31.535831,1226,3,48,0
20240906104208388,104.721893,31.535412,1234,2,47,1
20240906104208827,104.721893,31.535273,1234,2,47,1
20240906104209295,104.721893,31.535065,1234,2,47,1
20240906104209701,104.721947,31.534882,1234,2,47,1
20240906104210263,104.721947,31.534603,1234,2,47,2
20240906104212294,104.722,31.533781,1234,2,46,1
20240906104214357,104.722061,31.532854,1234,2,47,0
20240906104214920,104.722054,31.532635,1234,2,47,0
20240906104217108,104.72216,31.531721,1234,3,47,0
20240906104218013,104.722176,31.531319,1234,3,47,0
20240906104223887,104.722862,31.528885,1234,15,43,0
20240906104224314,104.722815,31.528689,2438,223,43,8
20240906104224816,104.723053,31.528572,1234,18,43,0
20240906104225377,104.72316,31.528337,1234,18,42,0
20240906104225783,104.723267,31.528154,1242,20,41,0
20240906104227783,104.72377,31.527452,1242,21,41,0
20240906104230445,104.72377,31.527452,1242,21,0,0
20240906104231345,104.724808,31.526245,1249,26,37,1
20240906104228859,104.723899,31.52699,11094,223,41,6
20240906104238047,104.724808,31.526245,1249,26,37,1
20240906104239947,104.724808,31.526245,1249,26,37,1
20240906104244315,104.727849,31.521472,11102,223,37,7
20240906104247459,105.015276,31.554034,1692,47,37,0
20240906104247459,105.015276,31.554034,1692,47,37,0
20240906104249459,105.016286,31.554459,1691,47,37,0
20240906104249459,105.016286,31.554459,1691,47,37,0
20240906104250280,104.728249,31.522018,1242,26,37,
20240906104251459,105.017295,31.554884,1690,47,37,0
20240906104251459,105.017295,31.554884,1690,47,37,0
20240906104252281,104.728249,31.522018,1242,26,37,
20240906104306199,104.734756,31.513906,1234,28,39,0
20240906104306731,104.734871,31.513729,1234,28,38,0
20240906104315459,104.737499,31.510679,1287,50,38,3
20240906104315459,104.737499,31.510679,1287,50,38,3
20240906104317437,104.738045,31.509996,1234,28,38,0
20240906104317459,104.738101,31.509979,1287,50,38,3
20240906104317459,104.738101,31.509979,1287,50,38,3
20240906104318500,104.738373,31.509609,1234,28,38,0
20240906104321167,104.738373,31.509609,1234,28,0,0
20240906104322124,104.739449,31.508327,1234,28,39,0
20240906104322657,104.73967,31.508102,1234,28,39,0
20240906104323655,104.739937,31.507732,1234,28,39,0
20240906104324811,104.740303,31.507341,1226,29,39,0
20240906104325280,104.740471,31.507185,1226,29,39,0
20240906104326186,104.740738,31.50688,1226,29,38,0
20240906104326627,104.740845,31.506741,1226,29,38,0
20240906104328093,104.741333,31.506176,1226,30,39,1
20240906104328636,104.741508,31.505995,1226,30,39,1
20240906104329605,104.741837,31.505667,1226,30,39,0
20240906104330606,104.742165,31.505297,1226,30,39,0
20240906104331042,104.742279,31.505157,1226,30,39,0
20240906104332315,104.742688,31.504698,556,43,39,3
20240906104332699,104.74279,31.50453,1226,29,39,0
20240906104334315,104.743319,31.503963,567,44,39,0
20240906104334511,104.743378,31.503885,1226,29,39,0
20240906104335042,104.743538,31.503714,1226,28,39,0
20240906104336314,104.74394,31.503246,579,45,39,4
20240906104336314,104.74394,31.503246,579,45,39,0
20240906104336701,104.744026,31.503109,1234,28,38,2
20240906104337292,104.744186,31.502882,1234,28,38,2
20240906104338314,104.744524,31.502526,579,44,38,0
20240906104338450,104.74453,31.502502,1234,28,38,1
20240906104338314,104.744524,31.502526,579,44,38,0
20240906104338450,104.74453,31.502502,1234,28,38,1
20240906104339949,104.744995,31.501965,1234,28,38,0
20240906104340314,104.745113,31.501829,590,45,38,0
20240906104340314,104.745113,31.501829,590,45,38,0
20240906104340480,104.745163,31.501783,1234,28,38,0
20240906104342654,104.745796,31.501059,1234,28,38,0
20240906104342859,104.745866,31.500959,601,45,38,0
20240906104344841,104.746452,31.500227,1234,28,38,0
20240906104344859,104.746467,31.500243,605,45,38,0
20240906104344859,104.746467,31.500243,605,45,38,0
20240906104345812,104.746727,31.499943,1234,27,38,0
20240906104347842,104.74733,31.499247,1234,27,38,0
20240906104348719,104.747581,31.498898,1234,27,38,0
20240906104349310,104.747742,31.498714,1234,27,38,0
20240906104350405,104.748047,31.498312,1242,27,38,0
20240906104350843,104.748154,31.498173,1242,27,38,0
20240906104350860,104.748185,31.498164,624,45,38,2
20240906104351247,104.748322,31.498034,1242,27,38,0
20240906104351686,104.748444,31.497845,1242,27,38,0
20240906104352656,104.748711,31.497524,1234,27,38,0
20240906104352859,104.748765,31.497462,628,47,38,1
20240906104353717,104.749031,31.497158,1234,27,38,0
20240906104354186,104.749146,31.497009,1234,27,38,0
20240906104354859,104.74934,31.496769,632,47,38,0
20240906104355123,104.749413,31.496655,1234,27,38,0
20240906104355623,104.749527,31.4965,1234,27,38,0
20240906104356186,104.749748,31.496264,1234,27,38,0
20240906104356667,104.74984,31.496107,1234,27,38,0
20240906104357542,104.750114,31.495834,1234,26,39,0
20240906104358074,104.750275,31.495604,1234,26,39,0
20240906104358314,104.75034,31.495535,632,47,39,0
20240906104359105,104.750549,31.495239,1234,26,39,0
20240906104359604,104.750679,31.495056,1234,26,39,0
20240906104400698,104.750977,31.494642,1234,26,39,0
20240906104401168,104.751122,31.494493,1234,26,39,0
20240906104402314,104.75145,31.494089,624,45,39,0
20240906104404760,104.752106,31.493147,1226,25,40,0
20240906104405262,104.752213,31.492949,1226,25,40,0
20240906104409841,104.753426,31.491238,1226,25,41,0
20240906104410860,104.753739,31.490882,624,30,41,0
20240906104411810,104.753922,31.490492,1226,25,41,0
20240906104412249,104.754036,31.490351,1226,24,41,0
20240906104413715,104.754364,31.489788,1234,23,41,1
20240906104414686,104.754639,31.489424,1234,23,40,1
20240906104417298,106.901344,32.804661,11308,94,228,0
20240906104417720,104.755333,31.488323,1234,23,40,0
20240906104418688,104.755608,31.487959,1242,23,40,0
20240906104418859,104.755673,31.48789,632,15,40,0
20240906104421309,104.755608,31.487959,1242,23,1,0
20240906104423460,104.756797,31.486186,1246,23,40,0
20240906104423460,104.756797,31.486186,1246,23,40,0
20240906104424029,104.756889,31.485973,1234,23,40,0
20240906104423460,104.756797,31.486186,960,204,40,0
20240906104424637,104.75705,31.485744,1234,23,40,0
20240906104427290,104.75705,31.485744,1234,23,40,0
20240906104429294,104.75705,31.485744,1234,23,40,0
20240906104430914,105.418266,30.373287,396,7,40,0
20240906104430914,105.418266,30.373287,396,7,40,0
20240906104432915,105.418266,30.373287,396,7,40,0
20240906104432915,105.418266,30.373287,396,7,40,0
20240906104434914,105.418266,30.373287,396,7,40,0
20240906104434914,105.418266,30.373287,396,7,40,0
20240906104435296,104.75705,31.485744,1234,23,40,0
20240906104436914,105.418266,30.373287,396,7,40,0
20240906104436914,105.418266,30.373287,396,7,40,0
20240906104440261,104.760933,31.479811,1226,22,41,0
20240906104440854,104.761009,31.479595,1234,22,41,1
20240906104443353,104.761642,31.478668,1234,22,40,2
20240906104447459,104.76263,31.477123,1244,22,40,2
20240906104447459,104.76263,31.477123,1244,22,40,2
20240906104449058,104.763039,31.476559,1234,22,40,2
20240906104449459,104.76311,31.476378,1249,22,40,2
20240906104449459,104.76311,31.476378,1249,22,40,2
20240906104450997,104.763481,31.47583,1234,23,40,0
20240906104451560,104.763649,31.475643,1234,23,40,0
20240906104449058,104.763039,31.476559,1234,22,40,2
20240906104449459,104.76311,31.476378,1249,22,40,2
20240906104449459,104.76311,31.476378,1249,22,40,2
20240906104450997,104.763481,31.47583,1234,23,40,0
20240906104451560,104.763649,31.475643,1234,23,40,0
20240906104453135,104.764008,31.475046,1234,23,40,0
20240906104453698,104.764168,31.474821,1234,23,41,0
20240906104454791,104.764412,31.47443,1234,23,41,0
20240906104456822,104.764908,31.473684,1234,23,41,0
20240906104457635,104.765076,31.473362,1234,23,41,0
20240906104458104,104.765244,31.473175,1234,23,42,0
20240906104459167,104.765511,31.472755,1234,23,41,0
20240906104459698,104.765625,31.47258,1234,23,41,0
20240906104500315,104.765787,31.472335,2857,23,41,0
20240906104502384,104.766281,31.471544,1234,23,41,0
20240906104505509,104.767082,31.470379,1234,24,41,0
20240906104506314,104.767285,31.47007,2857,24,41,1
20240906104507541,104.767563,31.469603,1234,23,42,0
20240906104507948,104.767715,31.469404,1234,22,42,0
20240906104508314,104.767799,31.469292,2857,24,42,0
20240906104508448,104.767769,31.469265,1234,22,42,0
20240906104509011,104.767929,31.469034,1234,22,42,0
20240906104509603,104.768036,31.468798,1226,21,43,0
20240906104510103,104.76815,31.468594,1226,21,43,0
20240906104507948,104.767715,31.469404,1234,22,42,0
20240906104508314,104.767799,31.469292,2857,24,42,0
20240906104508448,104.767769,31.469265,1234,22,42,0
20240906104509011,104.767929,31.469034,1234,22,42,0
20240906104509603,104.768036,31.468798,1226,21,43,0
20240906104510103,104.76815,31.468594,1226,21,43,0
20240906104512479,104.768585,31.46759,1226,19,44,0
20240906104512859,104.768742,31.467466,1225,19,44,0
20240906104512859,104.768742,31.467466,1225,19,44,0
20240906104513027,104.768646,31.467354,1234,15,46,0
20240906104513558,104.768753,31.467123,1234,13,46,0
20240906104514089,104.768799,31.466904,1234,12,46,0
20240906104516769,104.768799,31.466904,1234,12,0,0
20240906104517309,104.769066,31.46553,1234,8,47,1
20240906104518214,104.769142,31.465122,1234,5,47,0
20240906104520590,104.769142,31.464098,1242,0,48,0
20240906104521026,104.769142,31.463911,1234,0,48,0
20240906104521433,104.769142,31.463722,1234,0,48,0
20240906104521903,104.769119,31.463512,1234,1,48,1
20240906104523528,104.769066,31.462784,1234,1,49,1
20240906104524029,104.769089,31.462559,1234,1,49,1
20240906104524591,104.769089,31.46228,1234,0,49,0
20240906104525059,104.769119,31.462097,1234,1,49,0
20240906104526871,104.769226,31.461271,1234,5,48,0
20240906104527371,104.769249,31.461073,1234,6,47,0
20240906104527745,104.769302,31.460884,1234,7,48,0
20240906104528340,104.769341,31.460676,1234,8,47,0
20240906104529934,104.769524,31.459951,1234,9,47,0
20240906104530933,104.769684,31.459534,1234,11,46,0
20240906104531497,104.769714,31.459303,1234,13,46,0
20240906104531964,104.769798,31.459114,1234,13,46,0
20240906104532432,104.769905,31.458927,1234,14,45,0
20240906104532862,104.769843,31.458709,2857,23,45,1
20240906104532966,104.769958,31.458696,1234,15,45,0
20240906104533499,104.770096,31.458477,1234,16,45,0
20240906104534026,104.77018,31.458279,1234,16,44,0
20240906104536651,104.770683,31.457193,1234,19,43,0
20240906104537183,104.770782,31.457022,1234,19,44,0
20240906104537620,104.770897,31.456835,1234,20,43,0
20240906104538089,104.771004,31.456646,1234,20,43,0
20240906104538527,104.771057,31.456507,1234,20,43,0
20240906104539122,104.771225,31.456282,1234,20,43,0
20240906104539652,104.771332,31.456009,1234,20,43,0
20240906104540057,104.771439,31.45587,1234,20,43,0
20240906104541526,104.771759,31.455322,1234,21,43,0
20240906104541964,104.771889,31.455112,1234,21,43,0
20240906104542466,104.771973,31.454908,1234,22,42,1
20240906104544432,104.772491,31.454227,1226,24,41,1
20240906104544934,104.772629,31.454041,1226,26,40,0
20240906104545870,104.772949,31.453671,1226,26,40,0
20240906104546401,104.773094,31.453482,1226,28,38,0
20240906104546964,104.773262,31.453295,1226,28,38,0
20240906104547996,104.773643,31.452972,1226,30,36,0
20240906104548589,104.773865,31.452785,1226,32,34,0
20240906104548994,104.773972,31.452694,1226,33,33,0
20240906104549433,104.774139,31.452555,1234,34,32,0
20240906104549932,104.774345,31.452436,1234,35,31,0
20240906104550401,104.774521,31.452271,1234,35,30,0
20240906104550995,104.774742,31.452129,1234,36,29,0
20240906104551558,104.775017,31.45199,1234,38,28,0
20240906104551995,104.775177,31.451899,1234,38,28,0
20240906104552526,104.775375,31.451797,1234,39,25,0
20240906104556946,104.777412,31.451063,1234,44,16,0
20240906104557354,104.77758,31.451014,1234,44,13,0
20240906104557914,104.777901,31.450972,1234,45,12,0
20240906104559914,104.77887,31.450788,1226,46,8,1
20240906104600415,104.779137,31.450783,1226,47,7,0
20240906104601321,104.779572,31.450741,1226,46,6,0
20240906104602165,104.780014,31.450687,1226,47,5,0
20240906104602758,104.780273,31.450697,1226,47,3,0
20240906104603258,104.78051,31.450687,1226,47,2,0
20240906104603728,104.780762,31.450649,1226,47,1,0
20240906104604199,104.781006,31.450687,1226,47,0,0
20240906104605070,104.781456,31.450697,1226,47,1,0
20240906104605540,104.78167,31.450697,1226,47,1,0
20240906104605945,104.781883,31.450741,1234,47,3,0
20240906104606353,104.782043,31.450741,1234,46,5,0
20240906104606821,104.782318,31.450783,1234,46,6,0
20240906104607414,104.7826,31.450827,1234,46,7,0
20240906104607821,104.782761,31.450874,1234,45,8,1
20240906104608853,104.783257,31.450966,1234,45,9,1
20240906104609790,104.783691,31.451111,1242,43,13,2
20240906104610290,104.783936,31.451153,1242,42,14,3
20240906104610727,104.784096,31.451244,1242,42,14,3
20240906104611289,104.784363,31.451336,1242,42,16,3
20240906104612194,104.784737,31.451481,1249,40,19,2
20240906104614570,104.785728,31.45199,1249,38,22,1
20240906104615165,104.785942,31.452129,1249,37,25,0
20240906104615696,104.78614,31.452253,1249,36,27,0
20240906104616195,104.786331,31.45241,1249,35,27,0
20240906104616712,104.786522,31.452526,1242,35,27,0
20240906104617182,104.78672,31.452694,1242,34,30,0
20240906104617745,104.78688,31.452875,1242,34,30,0
20240906104618245,104.787056,31.453032,1242,34,30,0
20240906104618712,104.787216,31.453123,1242,34,30,0
20240906104619181,104.787376,31.453295,1242,34,30,0
20240906104619682,104.787483,31.453487,1242,34,30,0
20240906104620183,104.787651,31.453621,1242,34,30,0
20240906104620618,104.787758,31.45376,1242,28,37,0
20240906104620859,104.787963,31.453718,2857,59,74,0
20240906104620859,104.787963,31.453718,2857,59,74,0
20240906104621183,104.787926,31.453997,1242,27,37,0
20240906104622305,104.788239,31.454405,1242,24,39,0
20240906104622859,104.788479,31.454494,2857,85,80,0
20240906104624246,104.788673,31.455183,1242,23,40,0
20240906104624806,104.78875,31.455343,1242,18,43,0
20240906104624859,104.788889,31.455286,2857,113,89,0
20240906104624859,104.788889,31.455286,2857,113,89,0
20240906104625277,104.788834,31.455547,1242,17,44,0
20240906104626859,104.789215,31.456128,2857,81,53,0
20240906104626859,104.789215,31.456128,2857,81,53,0
20240906104626901,104.789055,31.456234,1242,13,45,0
20240906104628057,104.789162,31.456738,1242,12,46,0
20240906104628618,104.789246,31.456974,1242,8,47,0
20240906104629744,104.789246,31.457483,1242,6,47,0
20240906104628618,104.789246,31.456974,1242,8,47,0
20240906104629744,104.789246,31.457483,1242,6,47,0
20240906104630620,104.789299,31.457859,1242,2,49,0
20240906104631619,104.789246,31.458279,1242,2,49,0
20240906104632057,104.789268,31.458525,1242,2,49,0
20240906104632494,104.789215,31.458706,1242,3,49,0
20240906104632948,104.789185,31.458927,1242,4,49,0
20240906104633538,104.789162,31.459164,1242,6,48,0
20240906104634043,104.789131,31.459351,1242,7,49,0
20240906104634506,104.789055,31.459576,1242,9,48,0
20240906104636040,104.788857,31.46023,1242,11,47,0
20240906104636314,104.789019,31.46036,2857,11,56,0
20240906104636572,104.78875,31.46051,1242,14,47,0
20240906104637166,104.788635,31.460745,1242,15,46,0
20240906104637632,104.788582,31.460934,1242,15,46,0
20240906104638038,104.788528,31.461073,1242,18,45,0
20240906104641726,104.787537,31.462505,1249,25,42,0
20240906104642323,104.787376,31.462736,1249,27,40,0
20240906104643351,104.786995,31.463116,1249,31,38,0
20240906104643851,104.78688,31.463257,1249,32,37,0
20240906104644258,104.786682,31.463423,1249,33,36,0
20240906104644314,104.786825,31.4635,2857,33,48,0
20240906104644712,104.786522,31.463512,1249,34,35,0
20240906104645245,104.786308,31.463696,1249,35,34,0
20240906104646181,104.785942,31.463959,1249,35,34,0
20240906104646859,104.785811,31.464261,2857,35,72,0
20240906104647242,104.785507,31.464237,1242,35,34,0
20240906104648652,104.78479,31.464613,1242,43,25,0
20240906104648860,104.78489,31.464784,2857,43,53,0
20240906104648860,104.78489,31.464784,2857,43,53,0
20240906104649117,104.78463,31.464657,1242,43,24,1
20240906104650211,104.784081,31.464886,1242,46,22,1
20240906104650774,104.783752,31.464983,1242,46,22,1
20240906104651182,104.783585,31.465075,1242,47,18,0
20240906104652148,104.783035,31.465214,1242,47,17,0
20240906104652859,104.782772,31.465443,2857,47,37,0
20240906104654214,104.78199,31.465401,1242,51,9,0
20240906104654774,104.781662,31.465401,1242,51,7,0
20240906104654859,104.781688,31.465593,2857,51,31,0
20240906104655930,104.781029,31.465433,1242,51,5,0
20240906104656524,104.780701,31.465483,1234,52,2,0
20240906104656930,104.780487,31.465483,1234,52,1,1
20240906104700353,104.778549,31.465391,1219,53,1,2
20240906104658859,104.779397,31.465565,929,53,0,2
20240906104702945,104.777039,31.465252,1211,54,5,3
20240906104703382,104.776718,31.465214,1211,54,5,3
20240906104703914,104.776443,31.465208,1211,54,6,3
20240906104704477,104.77607,31.46516,1203,54,7,3
20240906104704945,104.775856,31.465117,1203,55,8,3
20240906104705383,104.775566,31.465075,1203,55,8,4
20240906104705915,104.775269,31.465027,1203,55,9,3
20240906104706821,104.774742,31.464935,1196,55,9,3
20240906104708914,104.773537,31.464705,1196,53,15,1
20240906104708914,104.773537,31.464705,1196,53,15,1
20240906104710227,104.77282,31.464468,1196,53,16,1
20240906104711288,104.772247,31.464249,1188,52,20,2
20240906104713760,104.77095,31.463696,1181,48,27,2
20240906104714352,104.770683,31.463512,1181,47,28,3
20240906104714792,104.77047,31.463423,1181,46,30,3
20240906104715290,104.770241,31.463257,1181,46,30,3
20240906104715696,104.770073,31.463116,1173,44,33,2
20240906104717757,104.769119,31.462414,1173,40,38,2
20240906104719321,104.768585,31.461861,1165,40,38,2
20240906104720384,104.76815,31.461452,1165,33,43,2
20240906104720946,104.76799,31.46118,1165,32,44,2
20240906104721384,104.76783,31.460997,1158,32,44,2
20240906104721915,104.767715,31.460794,1158,29,46,2
20240906104723415,104.767296,31.460129,1158,26,47,2
20240906104726416,104.766701,31.458755,1150,18,51,1
20240906104727008,104.766647,31.458477,1150,18,51,1
20240906104727479,104.766556,31.458229,1150,13,52,2
20240906104727977,104.766541,31.457977,1143,13,52,2
20240906104728851,104.766426,31.457516,1143,9,52,2
20240906104729414,104.766396,31.457253,1135,6,53,3
20240906104729913,104.766373,31.457012,1135,4,53,3
20240906104730756,104.766373,31.456604,1135,1,53,3
20240906104731288,104.766373,31.456326,1135,0,53,3
20240906104731790,104.766396,31.456089,1127,0,53,3
20240906104732789,104.766449,31.455622,1127,0,53,3
20240906104734314,104.76627,31.454888,2857,0,53,3
20240906104734414,104.766609,31.454834,1127,9,51,2
20240906104734944,104.766701,31.454636,1120,11,51,2
20240906104735382,104.766777,31.454367,1120,13,51,2
20240906104736289,104.766968,31.453991,1120,13,51,2
20240906104739992,104.767189,31.453535,1120,18,14,2
20240906104738314,104.767109,31.453054,838,11,48,2
20240906104741134,104.768204,31.452087,1104,26,43,3
20240906104741696,104.768372,31.451851,1104,26,43,3
20240906104742196,104.768585,31.451658,1104,32,39,3
20240906104742790,104.768799,31.451475,1097,32,39,3
20240906104743324,104.769012,31.451294,1097,35,37,3
20240906104744414,104.769447,31.450972,1097,36,35,3
20240906104744883,104.76963,31.450827,1097,39,32,3
20240906104745386,104.769882,31.450697,1089,40,30,2
20240906104745853,104.770073,31.450548,1089,40,30,2
20240906104746414,104.770309,31.450424,1089,42,28,3
20240906104748414,104.771278,31.45001,1082,44,23,3
20240906104749445,104.771835,31.449808,1074,45,21,3
20240906104749916,104.772049,31.449759,1074,47,18,3
20240906104750448,104.772324,31.449663,1074,47,17,3
20240906104752475,104.773422,31.449432,1066,49,12,2
20240906104752859,104.773517,31.449252,2857,149,12,2
20240906104753039,104.77375,31.449383,1066,49,12,2
20240906104754071,104.774246,31.449341,1059,50,7,3
20240906104754601,104.774559,31.449324,1059,50,7,3
20240906104755070,104.774796,31.449293,1059,51,4,3
20240906104755539,104.775047,31.449324,1059,50,2,3
20240906104752475,104.773422,31.449432,1066,49,12,2
20240906104752859,104.773517,31.449252,2857,149,12,2
20240906104753039,104.77375,31.449383,1066,49,12,2
20240906104754071,104.774246,31.449341,1059,50,7,3
20240906104754601,104.774559,31.449324,1059,50,7,3
20240906104755070,104.774796,31.449293,1059,51,4,3
20240906104755539,104.775047,31.449324,1059,50,2,3
20240906104756850,104.775787,31.449293,1059,50,1,2
20240906104757381,104.776062,31.449341,1059,50,1,2
20240906104758913,104.776825,31.449368,1059,48,4,0
20240906104759445,104.777107,31.449432,1059,47,5,0
20240906104759913,104.777359,31.449459,1059,47,7,0
20240906104800382,104.777596,31.44948,1059,46,8,0
20240906104800850,104.777763,31.449524,1059,46,9,0
20240906104801911,104.778336,31.44964,1059,46,9,0
20240906104802315,104.778571,31.449526,2857,70,58,0
20240906104802315,104.778571,31.449526,2857,70,58,0
20240906104802476,104.778603,31.449738,1059,44,13,0
20240906104802882,104.778763,31.44978,1059,44,14,0
20240906104803412,104.779022,31.449898,1059,43,16,0
20240906104803819,104.77919,31.449947,1059,43,17,0
20240906104804287,104.779411,31.450054,1059,42,18,0
20240906104806195,104.780235,31.450457,1051,42,19,0
20240906104808036,104.780945,31.450874,1051,38,26,1
20240906104808315,104.781162,31.45081,2857,59,36,1
20240906104808036,104.780945,31.450874,1051,38,26,1
20240906104808315,104.781162,31.45081,2857,59,36,1
20240906104808664,104.781166,31.451063,1051,36,29,1
20240906104809726,104.781502,31.451342,1051,33,32,0
20240906104810227,104.78167,31.451519,1051,32,33,1
20240906104810697,104.781822,31.451668,1051,32,33,1
20240906104810859,104.782057,31.451554,2857,99,130,1
20240906104811822,104.782211,31.452087,1043,32,33,1
20240906104812351,104.782372,31.452253,1043,27,37,1
20240906104812859,104.782649,31.452282,2857,130,92,1
20240906104816727,104.783287,31.453949,1051,26,38,0
20240906104818726,104.783531,31.454786,1051,14,44,0
20240906104822101,104.783585,31.456276,1051,1,49,0
20240906104822859,104.784085,31.456447,8961,11,87,0
20240906104824600,104.783478,31.457441,1051,6,49,0
20240906104826037,104.78331,31.45809,1051,8,49,0
20240906104828662,104.78331,31.45809,1051,8,49,0
20240906104828695,104.782906,31.459253,1051,8,49,0
20240906104830537,104.782532,31.460037,1051,21,46,0
20240906104832314,104.782551,31.46082,2857,21,96,0
20240906104833163,104.782532,31.460037,1051,21,46,0
20240906104833599,104.781609,31.461254,1051,30,42,0
20240906104834129,104.781456,31.461452,1051,30,42,0
20240906104834538,104.781296,31.461594,1051,32,40,0
20240906104833599,104.781609,31.461254,1051,30,42,0
20240906104834129,104.781456,31.461452,1051,30,42,0
20240906104834538,104.781296,31.461594,1051,32,40,0
20240906104835817,104.780785,31.462,1051,36,36,0
20240906104839459,104.779669,31.463336,1052,36,36,0
20240906104839459,104.779669,31.463336,1052,36,36,0
20240906104840485,104.780785,31.462,1051,36,36,0
20240906104841459,104.778896,31.464011,1053,36,36,0
20240906104841459,104.778896,31.464011,1053,36,36,0
20240906104841694,104.778091,31.463491,1059,36,36,0
20240906104842757,104.777527,31.463654,1059,36,36,0
20240906104842860,104.777949,31.464117,2857,36,90,0
20240906104843226,104.777306,31.463696,1059,49,16,0
20240906104843631,104.777046,31.463772,1059,49,16,0
20240906104844602,104.77655,31.463879,1059,49,13,0
20240906104844859,104.776821,31.464383,2857,49,59,0
20240906104845508,104.776062,31.463959,1059,50,11,0
20240906104848196,104.776062,31.463959,1059,50,11,0
20240906104850198,104.776062,31.463959,1059,50,11,0
20240906104851459,104.773068,31.464893,1470,50,3,0
20240906104851459,104.773068,31.464893,1470,50,3,0
20240906104852203,104.776062,31.463959,1059,50,11,0
20240906104853459,104.771985,31.465112,1470,50,3,0
20240906104853459,104.771985,31.465112,1470,50,3,0
20240906104854206,104.776062,31.463959,1059,50,11,0
20240906104854225,104.771332,31.463787,1059,52,1,0
20240906104856255,104.770241,31.463491,1059,52,1,0
20240906104856859,104.769954,31.464057,2857,52,1,0
20240906104858913,104.770241,31.463491,1059,52,0,0
20240906104901530,104.770241,31.463491,1059,52,0,0
20240906104902915,104.766588,31.463987,1060,52,1,0
20240906104902915,104.766588,31.463987,1060,52,1,0
20240906104903534,104.770241,31.463491,1059,52,0,0
20240906104904914,104.765476,31.463965,1060,52,1,0
20240906104904914,104.765476,31.463965,1060,52,1,0
20240906104905538,104.770241,31.463491,1059,52,0,0
20240906104906914,104.764364,31.463941,1060,52,1,0
20240906104906914,104.764364,31.463941,1060,52,1,0
20240906104908504,104.765511,31.459715,1066,39,33,0
20240906104908914,104.763252,31.463918,1060,52,1,0
20240906104908914,104.763252,31.463918,1060,52,1,0
20240906104909069,104.76535,31.459442,1066,39,33,0
20240906104909662,104.765289,31.459253,1066,19,46,0
20240906104910629,104.765129,31.458788,1066,17,47,0
20240906104911598,104.764969,31.458368,1066,17,47,0
20240906104912005,104.764908,31.458187,1066,17,47,0
20240906104911598,104.764969,31.458368,1066,17,47,0
20240906104912005,104.764908,31.458187,1066,17,47,0
20240906104913569,104.764816,31.457516,1059,17,47,0
20240906104914569,104.764763,31.45706,1059,5,49,2
20240906104915474,104.764687,31.456646,1051,2,49,2
20240906104916860,104.764285,31.456451,2857,2,49,2
20240906104918173,104.764687,31.456646,1051,2,0,2
20240906104921459,104.764142,31.454371,1032,2,49,2
20240906104921459,104.764142,31.454371,1032,2,49,2
20240906104923225,104.765457,31.453262,1021,11,48,3
20240906104923459,104.764079,31.453466,1026,2,49,2
20240906104923459,104.764079,31.453466,1026,2,49,2
20240906104925974,104.766212,31.452114,1013,20,45,3
20240906104926568,104.766373,31.451889,1013,26,42,2
20240906104926860,104.765691,31.451789,2857,62,42,2
20240906104928412,104.766968,31.451244,1013,28,41,2
20240906104929349,104.767326,31.450874,1005,28,41,2
20240906104929848,104.767509,31.450741,1005,34,36,2
20240906104933226,104.768867,31.449759,998,38,30,2
20240906104933757,104.769142,31.449619,998,38,30,2
20240906104934254,104.769341,31.449507,990,41,27,2
20240906104935848,104.77002,31.449202,982,42,24,3
20240906104936347,104.770256,31.449093,982,42,24,3
20240906104937755,104.771004,31.448826,982,44,20,2
20240906104938692,104.771439,31.448681,975,45,16,2
20240906104940315,104.772129,31.448328,2735,21,16,2
20240906104940315,104.772129,31.448328,2735,21,16,2
20240906104940849,104.772491,31.448456,975,47,10,2
20240906104942879,104.773537,31.448364,967,48,7,2
20240906104943379,104.773804,31.448364,967,48,4,2
20240906104950331,104.774635,31.448317,960,48,2,2
20240906104951459,104.777912,31.448095,944,31,1,2
20240906104951459,104.777912,31.448095,944,31,1,2
20240906104952335,104.774635,31.448317,960,48,2,2
20240906104953460,104.778938,31.448068,939,31,1,2
20240906104953460,104.778938,31.448068,939,31,1,2
20240906104954335,104.774635,31.448317,960,48,2,2
20240906104955459,104.779966,31.44804,934,31,1,2
20240906104955459,104.779966,31.44804,934,31,1,2
20240906104956337,104.774635,31.448317,960,48,2,2
20240906104957459,104.780991,31.448013,929,48,1,2
20240906104957459,104.780991,31.448013,929,48,1,2
20240906104958339,104.774635,31.448317,960,48,2,2
20240906104959459,104.782016,31.447985,924,48,1,2
20240906104959459,104.782016,31.447985,924,48,1,2
20240906105000356,104.774635,31.448317,960,48,2,2
20240906105000356,104.774635,31.448317,960,48,2,2
